id,fname,lname,email,location,availability,expected_return_date,educational_background,highest_degree_level
1,Ferne,Custed,fcusted0@google.es,China,available,null,Central Academy of  Fine Art,master
2,Morley,Heaford,mheaford1@indiatimes.com,Russia,available,null,Jewish University in Moscow,doctor
3,Rani,Brayford,rbrayford2@vistaprint.com,Philippines,unavailable,2020-03-15T22:45:01Z,"University of the East, Ramon Magsaysay Memorial Medical Center",doctor
4,Rikki,Hought,rhought3@fastcompany.com,China,available,null,Qinghai Radio & Television University,doctor
5,Tabbie,Knocker,tknocker4@ebay.com,Indonesia,available,null,Politeknik Negeri Pontianak,bachelor
6,Ailee,Dinse,adinse5@histats.com,Indonesia,available,null,Universitas Udayana,bachelor
7,Harman,Bootell,hbootell6@google.de,China,unavailable,2020-06-18T03:34:16Z,Jilin University,bachelor
8,Marice,Astill,mastill7@sphinn.com,Japan,unavailable,2019-01-25T11:07:16Z,Kobe City University of ForeignStudies,master
9,Allyn,Pedrick,apedrick8@hhs.gov,China,available,null,Beijing University of Agriculture,bachelor
10,Nat,Sotworth,nsotworth9@uol.com.br,Philippines,unavailable,2018-03-12T13:05:57Z,College of the Holy Spirit,master
11,Mehetabel,Matus,mmatusa@tumblr.com,Russia,available,null,Astrahan State Medical Academy,master
12,Dino,Caplin,dcaplinb@fda.gov,Brazil,available,null,Universidade do Amazonas,doctor
13,Floria,Calender,fcalenderc@biglobe.ne.jp,China,available,null,Chongqing University,doctor
14,Hamilton,Glanton,hglantond@abc.net.au,Niger,unavailable,2018-02-22T22:14:09Z,Université Abdou Moumouni de Niamey,bachelor
15,Jenda,Rickhuss,jrickhusse@domainmarket.com,Thailand,available,null,Thammasat University,master
16,Rhody,Hutchence,rhutchencef@umich.edu,Comoros,available,null,Prasetiya Mulya Business School,doctor
17,Dorothee,Danett,ddanettg@nifty.com,Costa Rica,available,null,Universidad de Cartago Florencio del Castillo,master
18,Odo,Whitehorne,owhitehorneh@twitter.com,China,available,null,Southwest Agricultural University,bachelor
19,Ethyl,Karet,ekareti@de.vu,Poland,available,null,Technical University of Cracow,doctor
20,Charissa,Bonome,cbonomej@youku.com,China,available,null,Tianjin University of Finance & Economics,doctor
21,Isadora,Ebben,iebbenk@t-online.de,Peru,unavailable,2018-08-10T17:20:04Z,Universidad de Lambayeque,bachelor
22,Fawne,Moysey,fmoyseyl@mysql.com,China,unavailable,2020-05-05T12:16:02Z,Guangxi Traditional Chinese Medical University,doctor
23,Matty,Croot,mcrootm@msn.com,Philippines,unavailable,2019-09-08T20:07:18Z,University of lloilo,master
24,Ottilie,McBratney,omcbratneyn@amazon.com,Russia,unavailable,2020-01-21T20:23:44Z,Finance Academy,bachelor
25,Dale,Rowly,drowlyo@yale.edu,Mexico,unavailable,2020-05-30T20:57:08Z,Universidad Autonoma  de Durango,master
26,Kirsteni,Swanbourne,kswanbournep@independent.co.uk,Honduras,available,null,Universidad Tecnológica Centroamericana,master
27,Genevra,Riden,gridenq@fc2.com,Nepal,available,null,Lumbini Buddhist University,doctor
28,Merill,Wootton,mwoottonr@acquirethisname.com,Peru,unavailable,2019-07-10T21:34:17Z,Universidad Católica de Santa María,master
29,Janeta,Speariett,jspearietts@booking.com,Czech Republic,available,null,Technical University of Liberec,master
30,Roderigo,Slaten,rslatent@kickstarter.com,Indonesia,available,null,Universitas Muhammadiyah Malang,bachelor
